{"MusicVolume":0.06919147074222565,"MuteMusic":false,"SfxVolume":0.46593889594078066,"MuteSfx":false}