{"MusicVolume":0.38189950585365298,"MuteMusic":false,"SfxVolume":0.7078685164451599,"MuteSfx":false}