{"BestScore":0,"Grid":{"GridSize":{"x":19,"y":10},"CellOffset":{"x":0.0,"y":0.0},"CellSize":{"x":0.8500000238418579,"y":1.059999942779541},"UseCellPrefabSize":true,"CellPrefabPath":"Prefabs/Cell","CellInfos":[-1,-1,-1,-1,-1,-1,-1,-1,-1,-1,-1,12,4,24,8,-1,12,30,31,-1,-1,6,16,22,28,-1,4,9,22,-1,-1,-1,-1,-1,19,31,32,2,16,-1,-1,30,3,22,20,8,18,27,14,-1,-1,25,23,32,0,33,5,32,26,-1,-1,9,31,27,3,17,4,20,15,-1,-1,3,-1,-1,22,19,6,13,19,-1,-1,23,-1,4,-1,25,0,12,18,-1,-1,17,-1,13,-1,9,20,14,8,-1,-1,16,32,20,6,-1,0,19,10,-1,-1,-1,31,6,5,-1,2,12,24,-1,-1,-1,-1,25,28,21,11,33,15,-1,-1,14,3,10,9,30,25,16,0,-1,-1,-1,24,33,15,5,30,2,5,-1,-1,-1,15,23,10,29,24,23,10,-1,-1,33,14,21,29,2,21,29,17,-1,-1,26,29,-1,8,21,17,-1,11,-1,-1,-1,-1,-1,-1,-1,-1,-1,-1,-1]}}