{"BestScore":0,"Grid":{"GridSize":{"x":17,"y":8},"CellOffset":{"x":0.0,"y":0.0},"CellSize":{"x":0.8500000238418579,"y":1.059999942779541},"UseCellPrefabSize":true,"CellPrefabPath":"Prefabs/Cell","CellInfos":[13,14,14,1,11,8,13,12,8,13,0,4,10,14,0,15,3,3,3,10,4,6,10,3,13,0,10,6,8,4,13,9,9,4,13,0,14,4,11,10,2,10,6,16,7,10,13,13,9,3,9,5,0,12,2,7,6,6,9,0,4,16,2,1,16,12,14,2,11,8,14,3,15,3,10,2,14,1,11,12,3,2,5,9,8,0,4,14,1,12,2,8,5,7,8,5,8,2,5,1,5,0,15,4,12,15,12,5,7,1,11,6,1,16,15,15,11,6,11,5,7,16,11,1,16,15,12,7,15,9,7,16,7,6,16,9]}}