{"BestScore":1800,"Grid":{"GridSize":{"x":19,"y":10},"CellOffset":{"x":0.0,"y":0.0},"CellSize":{"x":0.8500000238418579,"y":1.059999942779541},"UseCellPrefabSize":true,"CellPrefabPath":"Prefabs/Cell","CellInfos":[-1,-1,-1,-1,-1,-1,-1,-1,-1,-1,-1,2,5,15,8,9,3,11,9,-1,-1,3,8,3,6,11,13,3,14,-1,-1,10,2,12,15,2,6,11,11,-1,-1,0,5,13,7,2,11,7,11,-1,-1,3,4,4,14,10,4,3,2,-1,-1,13,1,4,16,3,14,3,15,-1,-1,4,16,11,8,4,11,14,2,-1,-1,12,0,12,13,15,10,0,1,-1,-1,10,14,10,15,5,9,7,15,-1,-1,5,2,14,14,8,7,0,0,-1,-1,16,2,12,15,9,13,9,7,-1,-1,5,1,7,8,13,7,12,8,-1,-1,13,4,14,15,13,12,7,0,-1,-1,12,1,12,0,5,16,16,5,-1,-1,16,6,16,9,1,10,10,9,-1,-1,16,10,8,9,0,5,8,4,-1,-1,6,1,1,6,6,6,1,6,-1,-1,-1,-1,-1,-1,-1,-1,-1,-1,-1]}}