{"BestScore":0,"Grid":{"GridSize":{"x":17,"y":8},"CellOffset":{"x":0.0,"y":0.0},"CellSize":{"x":0.8500000238418579,"y":1.059999942779541},"UseCellPrefabSize":true,"CellPrefabPath":"Prefabs/Cell","CellInfos":[9,6,11,2,12,6,6,3,13,9,9,8,6,5,3,8,4,14,7,3,16,4,9,14,3,3,13,8,5,14,2,6,14,9,2,12,3,12,7,8,14,11,14,4,5,9,16,12,3,16,13,12,16,2,0,4,11,2,16,2,8,5,6,4,5,15,4,8,13,15,4,3,2,12,11,16,1,16,1,4,16,10,7,13,8,10,14,0,0,14,0,5,5,9,0,8,2,10,13,7,13,1,1,5,0,6,10,7,11,6,1,1,1,9,13,10,1,10,15,15,10,10,11,15,0,15,15,7,12,12,0,7,7,15,11,11]}}